from;to
BEZGLUTEINSKI PROIZVODI;Hrana
BOMBONI;Hrana
BOMBONJERE;Hrana
BRAŠNO;Hrana
BRIJAČI;Proizvodi za kućanstvo
CIDER;Piće
CORN FLAKES,MUSLI,KAŠE;Hrana
DESERTI;Hrana
DETERGENTI ZA RUBLJE;Sredstva za čišćenje
DETERGENTI ZA SUĐE;Sredstva za čišćenje
DJEČJA HRANA;Hrana
DJEČJI SOKOVI I ČAJEVI;Piće
DRVENA KUĆNA POMAGALA;Proizvodi za kućanstvo
DUKATINO;Hrana
Dodaci/ Uređenje/ Pokloni;Dodaci/ Uređenje/ Pokloni~~
ENERGETSKI NAPITCI;Piće
FERMENTIRANI PROIZVODI;Hrana
FERRERO;Hrana
FLASTERI, VATA;Kozmetika
GAZIRANA PIĆA;Piće
GAZIRANA PIĆA S ALKOHOLOM;Piće
GEL ZA RUBLJE/KAPSULE;Sredstva za čišćenje
GOTOVA JELA;Hrana
GRICKALICE;Hrana
HIGIJENSKE POTREPŠTINE;Kozmetika
HLAĐENO I SMRZNUTO;Hrana
HRANA;Hrana
HRANA I OSTALO ZA KUĆ LJUBIMCE;Proizvodi za kućanstvo
Hrana;Hrana
JAJA;Hrana
JUHE, KOCKE ZA JUHU;Hrana
KAVA HORECA;Piće
KAVA, INST KAVA , KAVOVINE;Piće
KEKSI,NAPOLITANKE,VAFLI;Hrana
KISELINE;Sredstva za čišćenje
KOMPJUTORSKA OPREMA;Proizvodi za kućanstvo
KOMPOTI, SUŠENO VOĆE;Hrana
KOZM.ZA BRIJ. MiW;Kozmetika
KOZMETIKA;Kozmetika
KOZMETIKA ZA DJECU;Kozmetika
KOZMETIKA ZA SUNČANJE;Kozmetika
Kozmetika;Kozmetika
LEDENI ČAJEVI;Piće
LIZALICE;Hrana
MARMELADE, DŽEMOVI, PEKMEZI;Hrana
MASLACI;Hrana
MAST;Hrana
MED, PRERAĐEVINE MEDA;Hrana
MESNA JELA U KONZERVI, PAŠTETE;Hrana
MESO;Hrana
MINERALNA VODA;Piće
MLIJEČNI DESERTI;Hrana
MLIJEČNI PROIZVODI;Hrana
NAMAZI;Hrana
NAREZANI SIREVI;Hrana
NAREZANI SUHOMESNATI PROIZVODI;Hrana
NEGAZIRANA VODA;Piće
NEPREHRANA;NEPREHRANA~~
NJEGA KOSE;Kozmetika
NJEGA NOKTIJU;Kozmetika
NJEGA TIJELA;Kozmetika
NJEGA USANA I USNE ŠUPLJINE;Kozmetika
OMEKŠIVAČI I OSTALO ZA RUBLJE;Sredstva za čišćenje
OPREMA ZA KUĆANSTVO;Proizvodi za kućanstvo
PAKIRANA HRANA I PIĆE;Hrana
PEKARSRVO;Hrana
PELENE;Toaletne potrepštine
PICE;Piće
PIVO;Piće
PIĆA;Piće
PIĆE;Piće
PJENUŠCI DOMAĆI;Piće
PJENUŠCI INOZEMNI;Piće
POVRĆE;Hrana
POVRĆE KONZERVE KUTIJE VREĆICE;Hrana
PREZERVATIVI;Toaletne potrepštine
PROIZVODI ZA KOLAČE;Hrana
PROIZVODI ZA KUCANSTVO;Proizvodi za kućanstvo
PROIZVODI ZA KUĆANSTVO;Proizvodi za kućanstvo
PROTEINI;Hrana
Pića;Piće
Piće;Piće
Proizvodi za kućanstvo;Proizvodi za kućanstvo
RIBE U KONZERVI, PLODOVI MORA;Hrana
RIŽA, ŽITARICE ,PRERAĐ OD ŽIT;Hrana
RUKAVICE;Toaletne potrepštine
SIREVI;Hrana
SIRUPI;Piće
SMJESE ZA IZRADU NAPITAKA;Piće
SMRZNUTE SLASTICE,PECIVA,KRUH;Hrana
SMRZNUTO MESO, POVRĆE, RIBA;Hrana
SOJINE,KOKOS I RIŽA PRERAĐEVIN;Hrana
SOK BRICK;Piće
SOK MIRNI;Piće
SOKOVI;Piće
SOMBOLED;SOMBOLED~~
SREDSTVA ZA CISCENJE;Sredstva za čišćenje
SREDSTVA ZA ČIŠĆENJE;Sredstva za čišćenje
SVJEZE MESO;Hrana
SVJEŽA MLIJEKA;Piće
SVJEŽE VOĆE;Hrana
SVJEŽI ODJELI;SVJEŽI ODJELI~~
Sredstva za čišćenje;Sredstva za čišćenje
TAMPONI, ULOŠCI;Toaletne potrepštine
TJESTENINA;Hrana
TOALETNE POTREPSTINE;Toaletne potrepštine
TOALETNE POTREPŠTINE;Toaletne potrepštine
TONIC;Piće
TOPLOTEKA;Hrana
TRAJNA MLIJEKA;Piće
TRGOVAČKA ROBA;TRGOVAČKA ROBA~~
Toaletne potrepštine;Toaletne potrepštine
UHT PROIZVODI;UHT PROIZVODI~~
ULJE, OCAT;Hrana
UREĐAJI;Proizvodi za kućanstvo
VINO DOMAĆE;Piće
VINO INOZEMNO;Piće
VODE S OKUSOM;Piće
VRHNJA;Hrana
ZAČINI I DODACI JELIMA;Hrana
ZAŠTITA BILJA;Proizvodi za kućanstvo
bebe & djeca;Toaletne potrepštine
dekorativna kozmetika;Kozmetika
domaćinstvo;domaćinstvo~~
foto;Proizvodi za kućanstvo
hrana;Hrana
kosa;Kozmetika
kozmetika;Kozmetika
kućni ljubimci;Proizvodi za kućanstvo
lice;Kozmetika
mirisi;Kozmetika
ostalo;ostalo~~
piće;Piće
pranje rublja i čišćenje;Sredstva za čišćenje
prehrana;Hrana
proizvodi za kućanstvo;Proizvodi za kućanstvo
sredstva za čišćenje;Sredstva za čišćenje
tijelo;Kozmetika
toaletne potrepštine;Toaletne potrepštine
usluge;usluge~~
usta/zubi;Kozmetika
zdravlje;Toaletne potrepštine
ČAJEVI;Piće
ČETKE, GUME, METLE I SL.;Proizvodi za kućanstvo
ČOKOLADE, DESERTI;Hrana
ČOKOLADNI NAPITCI;Piće
ŠEĆER, SOL , ZASLAĐIVAČ;Hrana
ŠLAG PJENA;Hrana
ŠTAPIĆI DRVENI,ČAČKALICE I SL.;Proizvodi za kućanstvo
ŽESTOKA ALKOHOLNA PIĆA-DOMAĆA;Piće
ŽESTOKA ALKOHOLNA PIĆA-STRANA;Piće
ŽICE,SPUŽVE,KRPE,ČETKE WC;Proizvodi za kućanstvo
ŽVAKAČE GUME;Hrana
?AJEVI;Piće
CVIJE?E I SJEMENJE;Proizvodi za kućanstvo
DELIKATESE - MESNE;Hrana
DELIKATESE - SIR;Hrana
DIJABETSKI I DIJETETSKI PR. ZDRAVA HRANA;Hrana
DJE?JA HRANA;Hrana
DJE?JI SVIJET;DJE?JI SVIJET~~
DORU?AK;Hrana
GASTRO PROGRAM;Hrana
GSM BONOVI I START PAKETI;Proizvodi za kućanstvo
IMPULS;IMPULS~~
KAVA, INSTANTI I KAVOVINA;Piće
KONZERVIRANO;Hrana
KRUH I PEKARSKI PROIZVODI;Hrana
KU?ANSKE POTREPŠTINE;Proizvodi za kućanstvo
KU?NI LJUBIMCI;Proizvodi za kućanstvo
LJEPOTA I NJEGA;Kozmetika
MED;Hrana
MESO SVJEŽE (PDV 5%);Hrana
MLIJEKO I MLIJE?NI PROIZVODI;Piće
NAMIRNICE ZA PRIPREMU JELA;Hrana
OPREMA ZA UGOSTITELJSTVO;Proizvodi za kućanstvo
OSNOVNE NAMIRNICE;Hrana
OSTALO;OSTALO~~
PAPIRNA, PVC I OSTALA KONFEKCIJA;Proizvodi za kućanstvo
SLATKI I SLANI PROGRAM;Hrana
SMRZNUTI PROGRAM;Hrana
SPECIJALITETI I SVJEŽA TJESTENINA;Hrana
SRED. ZA ?IŠ?ENJE I ODRŽAVANJE;Sredstva za čišćenje
SVJEŽE MESO;Hrana
SVJEŽE RIBA (PDV 5%);Hrana
SVJEŽE VO?E I POVR?E;Hrana
TEL. KARTICE I PREPAID BONOVI;Proizvodi za kućanstvo
ULJA I MASTI;Hrana
VINO;Piće
VO?E I POVR?E (PDV 5%): POVR?E;Hrana
VO?E I POVR?E (PDV 5%): SUHO VO?EIPOVR?E;Hrana
VO?E I POVR?E (PDV 5%): VO?E;Hrana
VO?E I POVR?E: SUHO VO?EIPOVR?E PDV 5%;Hrana
VODE;Piće
ZDRAVA HRANA;Hrana
ŽESTOKO;Piće
CVIJEĆE I SJEMENJE;Proizvodi za kućanstvo
DJEČJI SVIJET;Proizvodi za kućanstvo
DORUČAK;Hrana
KUĆANSKE POTREPŠTINE;Proizvodi za kućanstvo
KUĆNI LJUBIMCI;Proizvodi za kućanstvo
MLIJEKO I MLIJEČNI PROIZVODI;Hrana
SRED. ZA ĆIŠĆENJE I ODRŽAVANJE;Sredstva za čišćenje
SVJEŽE VOĆE I POVRĆE;Hrana
VOĆE I POVRĆE (PDV 5%): POVRĆE;Hrana
VOĆE I POVRĆE (PDV 5%): SUHO VOĆEIPOVRĆE;Hrana
VOĆE I POVRĆE (PDV 5%): VOĆE;Hrana
VOĆE I POVRĆE: SUHO VOĆEIPOVRĆE PDV 5%;Hrana
AMBALAŽA;Proizvodi za kućanstvo
AUDIO, VIDEO, INFORMATIKA;Proizvodi za kućanstvo
DELIKATESA;Hrana
DJEČIJA HRANA;Hrana
DJEČIJA OPREMA;Proizvodi za kućanstvo
DUHAN, BONOVI, TAKSE, MARKICE;Proizvodi za kućanstvo
ELEKTRIČNI I OSTALI UREðAJI;Proizvodi za kućanstvo
HIGIJENA;Kozmetika
IGRAČKE;Proizvodi za kućanstvo
JAJA SVJEŽA;Hrana
KAVA, ČAJ, KAKAO;Piće
MESNI PROIZVODI;Hrana
MESNICA I RIBARNICA;Hrana
PAPIR I PAPIRNA AMBALAŽA;Proizvodi za kućanstvo
PEKARSKI PROIZVODI;Hrana
POKLON I PARTY PROGRAM;Proizvodi za kućanstvo
POSUĐE I OPREMA ZA DOM;Proizvodi za kućanstvo
PRIPREMA JELA;Hrana
SEZONA NEPREHRANA;SEZONA NEPREHRANA~~
SEZONA PREHRANA;Hrana
SLANI PROGRAM;Hrana
SLASTIĆARSKI PROIZVODI;Hrana
SLATKI PROGRAM;Hrana
SMRZNUTO;Hrana
SOKOVI, SIRUPI I NAPITCI;Piće
SREDSTVA ZA PRANJE, ČIŠĆENJE I OSVJEŽAVANJE;Sredstva za čišćenje
SVIJEĆE;Proizvodi za kućanstvo
TEKSTIL I OBUĆA;Proizvodi za kućanstvo
TISAK I KNJIGE;Proizvodi za kućanstvo
URADI SAM, AUTO, NAMJEŠTAJ…;Proizvodi za kućanstvo
VINO I JAP;Piće
VOĆE;Hrana
ZELENI PROGRAM;ZELENI PROGRAM~~
ŠKOLSKI I UREDSKI PRIBOR;Proizvodi za kućanstvo
poklon paketi i dodaci;Proizvodi za kućanstvo
Ambalaža;Proizvodi za kućanstvo
Dječja hrana;Hrana
Dodaci prehrani;Hrana
Drogerija Mita;Kozmetika
Mita božićni asortiman;Proizvodi za kućanstvo
Priprema kolača;Hrana
alkoholna pića;Piće
bezalkoholna pića;Piće
drogerija;Proizvodi za kućanstvo
instant napitci;Piće
keksi, grickalice i slatkiši;Hrana
konzervirana roba i juhe;Hrana
kruh i pekarski proizvodi;Hrana
mesni i morski proizvodi;Hrana
mlijeko i mliječni proizvodi;Piće
smrznuta hrana;Hrana
umaci i namazi;Hrana
voće i povrće;Hrana
začini i pečenje;Hrana
Žitarice, Tjestenina i Prilozi;Hrana
NEROBNA NABAVA;Proizvodi za kućanstvo
Sitni Inventar;Proizvodi za kućanstvo
BOMBON ŽELE;Hrana
ČOKOLADE ZA KUHANJE;Hrana
ČOKOLADNI IMPULS;Hrana
UREDSKI MATERIJAL;UREDSKI MATERIJAL~~
